排名靠前的网页,点击次数,展示,点击率,排名
https://chinahospitalsguide.com/news/2026-04-17-revolution-medicines-pancreatic-cancer-daraxonrasib-china-compare.html,2,133,1.5%,5.12
https://chinahospitalsguide.com/blog/dental-implants-china.html,1,1175,0.09%,6.72
https://chinahospitalsguide.com/blog/plastic-surgery-china-guide-2026.html,1,80,1.25%,5.86
https://chinahospitalsguide.com/news/2026-04-27-pancreatic-cancer-breakthrough-china-compare.html,1,77,1.3%,6.88
https://chinahospitalsguide.com/blog/how-to-see-a-doctor-in-guangzhou-as-a-foreigner.html,1,56,1.79%,5.61
https://chinahospitalsguide.com/checklist.html,1,7,14.29%,6.29
https://chinahospitalsguide.com/blog/china-hospital-rankings-2026.html,0,1279,0%,5.03
https://chinahospitalsguide.com/hospitals.html,0,839,0%,9.58
https://chinahospitalsguide.com/blog/lasik-eye-surgery-china-2026.html,0,430,0%,5.19
https://chinahospitalsguide.com/news/2026-03-27-hello-china-2026-tcm-wellness.html,0,414,0%,4.8
https://chinahospitalsguide.com/news/2026-03-24-japan-stem-cell-diabetes-therapy-approval.html,0,407,0%,5.61
https://chinahospitalsguide.com/,0,352,0%,8.39
https://chinahospitalsguide.com/news/stem-cell-therapy-china-2026-guide.html,0,352,0%,9.57
https://chinahospitalsguide.com/blog/cataract-surgery-china.html,0,303,0%,5.4
https://chinahospitalsguide.com/cost-comparison.html,0,212,0%,6.25
https://chinahospitalsguide.com/blog/best-cancer-hospitals-china-2026.html,0,196,0%,5.42
https://chinahospitalsguide.com/blog/lasik-smile-surgery-china.html,0,172,0%,7.13
https://chinahospitalsguide.com/blog/car-t-therapy-china-2026.html,0,100,0%,5.41
https://chinahospitalsguide.com/news/2026-04-16-thailand-health-insurance-requirement-2026-china-compare.html,0,93,0%,6.34
https://chinahospitalsguide.com/resources.html,0,90,0%,8.11
https://chinahospitalsguide.com/blog/cancer-treatment-cost-china.html,0,60,0%,10.42
https://chinahospitalsguide.com/blog/proton-therapy-china-2026.html,0,52,0%,6.42
https://chinahospitalsguide.com/news/2026-04-11-us-proton-therapy-trial-survival-china-compare.html,0,48,0%,7.15
https://chinahospitalsguide.com/blog/bone-marrow-transplant-china.html,0,45,0%,17.36
https://chinahospitalsguide.com/blog/how-to-see-a-doctor-in-beijing-as-a-foreigner.html,0,35,0%,6.29
https://chinahospitalsguide.com/blog/hainan-tcm-wellness-tourism-2026.html,0,31,0%,6.19
https://chinahospitalsguide.com/news/2026-04-14-macao-health-tourism-expansion-hengqin-china-compare.html,0,29,0%,4.76
https://chinahospitalsguide.com/blog/neurosurgery-brain-tumor-china-2026.html,0,21,0%,8.9
https://chinahospitalsguide.com/news/2026-05-01-thailand-medical-tourism-china-comparison.html,0,20,0%,3.55
https://chinahospitalsguide.com/ivf.html,0,19,0%,6.84
https://chinahospitalsguide.com/news/,0,17,0%,9.53
https://chinahospitalsguide.com/about.html,0,16,0%,14.44
https://chinahospitalsguide.com/pricing.html,0,15,0%,7.27
https://chinahospitalsguide.com/real-stories.html,0,13,0%,7.92
https://chinahospitalsguide.com/blog/how-to-see-a-doctor-in-shanghai-as-a-foreigner.html,0,10,0%,9.9
https://chinahospitalsguide.com/stories.html,0,9,0%,4.22
https://chinahospitalsguide.com/news/2026-04-05-singapore-bap1-cancer-breakthrough-china-compare.html,0,9,0%,5.33
https://chinahospitalsguide.com/index.html,0,7,0%,5.14
https://chinahospitalsguide.com/blog/cancer-treatment-china-2026.html,0,7,0%,6.14
https://chinahospitalsguide.com/course/chapter-3-appointment.html,0,7,0%,7.71
https://chinahospitalsguide.com/blog/orthopedic-surgery-china-2026.html,0,7,0%,8.29
https://chinahospitalsguide.com/blog/rhinoplasty-china-2026.html,0,5,0%,6.8
https://chinahospitalsguide.com/course/chapter-6-translation-services.html,0,5,0%,10.2
https://chinahospitalsguide.com/news/2026-03-28-vitamin-fatty-liver-china-compare.html,0,4,0%,7.5
https://chinahospitalsguide.com/blog/,0,3,0%,3.67
https://chinahospitalsguide.com/course/chapter-9-follow-up.html,0,3,0%,5
https://chinahospitalsguide.com/blog/foreigners-guide-healthcare-china.html,0,3,0%,18.33
https://chinahospitalsguide.com/blog/choose-hospital-china-guide.html,0,2,0%,14
https://chinahospitalsguide.com/blog/how-to-prepare-medical-travel-china.html,0,2,0%,14
https://chinahospitalsguide.com/orthopedics.html,0,1,0%,2
https://chinahospitalsguide.com/blog/dental-tourism-china-guide.html,0,1,0%,4
https://chinahospitalsguide.com/contact.html,0,1,0%,4
https://chinahospitalsguide.com/course/chapter-4-common-treatments.html,0,1,0%,11