热门查询,点击次数,展示,点击率,排名
hku-shenzhen hospital dermatology appointment waiting time 2026,0,57,0%,2.82
trending wellness cities china 2026,0,20,0%,5.4
how to refund the expert number of jishuitan hospital?,0,6,0%,3.67
jci accredited hospitals china list,0,4,0%,7.75
hospitals in china,0,3,0%,80
dental implant cost in china,0,2,0%,29
where can i get stem cell treatment for diabetes,0,1,0%,1
in another country,0,1,0%,3
japen,0,1,0%,6
s,0,1,0%,7
dental implants in china cost,0,1,0%,26
dental implant in china price,0,1,0%,34
jishuitan hospital,0,1,0%,48
cost of dental implants in china,0,1,0%,50
dental implant in china,0,1,0%,55
diabetes cure japan,0,1,0%,63
dental in china,0,1,0%,65
dental work in china,0,1,0%,67
guangzhou hospitals,0,1,0%,72
chinese hospitals,0,1,0%,84
chinese hospitals in china,0,1,0%,84
china dental implants market,0,1,0%,86
china hospitals,0,1,0%,86
hospitals china,0,1,0%,89