日期,未编入索引,已编入索引,展示
2026-02-28,,,0
2026-03-01,,,2
2026-03-02,,,79
2026-03-03,1,1,11
2026-03-04,16,2,9
2026-03-05,16,2,9
2026-03-06,16,2,7
2026-03-07,16,2,10
2026-03-08,16,2,9
2026-03-09,16,2,4
2026-03-10,16,2,3
2026-03-11,32,3,2
2026-03-12,32,3,6
2026-03-13,32,3,2
2026-03-14,32,3,19
2026-03-15,32,3,33
2026-03-16,32,3,24
2026-03-17,32,3,21
2026-03-18,3,3,58
2026-03-19,3,3,113
2026-03-20,3,3,24
2026-03-21,3,3,16
2026-03-22,4,3,5
2026-03-23,4,3,2
2026-03-24,4,3,1
2026-03-25,4,3,0
2026-03-26,4,3,8
2026-03-27,4,3,4
2026-03-28,4,3,7
2026-03-29,4,6,22
2026-03-30,4,6,26
2026-03-31,4,6,70
2026-04-01,4,6,80
2026-04-02,4,6,77
2026-04-03,4,6,53
2026-04-04,4,6,84
2026-04-05,4,6,95
2026-04-06,4,6,88
2026-04-07,4,7,66
2026-04-08,4,7,41
2026-04-09,4,7,73
2026-04-10,4,7,58
2026-04-11,4,8,53
2026-04-12,4,8,53
2026-04-13,4,8,76
2026-04-14,4,8,60
2026-04-15,4,8,96
2026-04-16,4,8,50
2026-04-17,4,8,90
2026-04-18,4,15,66
2026-04-19,4,15,123
2026-04-20,4,15,161
2026-04-21,5,14,106
2026-04-22,5,14,120
2026-04-23,5,14,108
2026-04-24,5,14,